Workbook

Sheet Input
A1: Date | B1: Student | C1: Status | D1: Week
A2: 45839 | B2: Rahul | C2: P | D2: 2025-W27
A3: 45839 | B3: Keerthi | C3: P | D3: 2025-W27
A4: 45839 | B4: Aisha | C4: P | D4: 2025-W27
A5: 45839 | B5: Rohan | C5: P | D5: 2025-W27
A6: 45839 | B6: Neha | C6: P | D6: 2025-W27
A7: 45840 | B7: Rahul | C7: P | D7: 2025-W27
A8: 45840 | B8: Keerthi | C8: A | D8: 2025-W27
A9: 45840 | B9: Aisha | C9: P | D9: 2025-W27
A10: 45840 | B10: Rohan | C10: A | D10: 2025-W27
A11: 45840 | B11: Neha | C11: P | D11: 2025-W27
A12: 45841 | B12: Rahul | C12: P | D12: 2025-W27
A13: 45841 | B13: Keerthi | C13: P | D13: 2025-W27
... A116: 45869 | B116: Neha | C116: P | D116: 2025-W31

Sheet Summary
A1: Student | B1: Total Days | C1: Presents | D1: Attendance % | E1: Status
A2: Rahul | B2: =COUNTIF(Input!$B:$B, A2) -> 23 | C2: =COUNTIFS(Input!$B:$B, A2, Input!$C:$C, "P") -> 22 | D2: =(C2/B2)*100 -> 95.652174 | E2: =IF(D2<75,"Defaulter","OK") -> OK
A3: Keerthi | B3: =COUNTIF(Input!$B:$B, A3) -> 23 | C3: =COUNTIFS(Input!$B:$B, A3, Input!$C:$C, "P") -> 12 | D3: =(C3/B3)*100 -> 52.173913 | E3: =IF(D3<75,"Defaulter","OK") -> Defaulter
A4: Aisha | B4: =COUNTIF(Input!$B:$B, A4) -> 23 | C4: =COUNTIFS(Input!$B:$B, A4, Input!$C:$C, "P") -> 20 | D4: =(C4/B4)*100 -> 86.956522 | E4: =IF(D4<75,"Defaulter","OK") -> OK
A5: Rohan | B5: =COUNTIF(Input!$B:$B, A5) -> 23 | C5: =COUNTIFS(Input!$B:$B, A5, Input!$C:$C, "P") -> 18 | D5: =(C5/B5)*100 -> 78.26087 | E5: =IF(D5<75,"Defaulter","OK") -> OK
A6: Neha | B6: =COUNTIF(Input!$B:$B, A6) -> 23 | C6: =COUNTIFS(Input!$B:$B, A6, Input!$C:$C, "P") -> 23 | D6: =(C6/B6)*100 -> 100 | E6: =IF(D6<75,"Defaulter","OK") -> OK

Sheet Weekly
A1: Week | B1: Rahul | C1: Keerthi | D1: Aisha | E1: Rohan | F1: Neha
A2: 2025-W27 | B2: =IF(COUNTIFS(Input!$B:$B,"Rahul",Input!$D:$D,$A2)=0,NA(),COUNTIFS(Input!$B:$B,"Rahul",Input!$C:$C,"P",Input!$D:$D,$A2)/COUNTIFS(Input!$B:$B,"Rahul",Input!$D:$D,$A2)) -> 1 | C2: =IF(COUNTIFS(Input!$B:$B,"Keerthi",Input!$D:$D,$A2)=0,NA(),COUNTIFS(Input!$B:$B,"Keerthi",Input!$C:$C,"P",Input!$D:$D,$A2)/COUNTIFS(Input!$B:$B,"Keerthi",Input!$D:$D,$A2)) -> 0.5 | D2: =IF(COUNTIFS(Input!$B:$B,"Aisha",Input!$D:$D,$A2)=0,NA(),COUNTIFS(Input!$B:$B,"Aisha",Input!$C:$C,"P",Input!$D:$D,$A2)/COUNTIFS(Input!$B:$B,"Aisha",Input!$D:$D,$A2)) -> 1 | E2: =IF(COUNTIFS(Input!$B:$B,"Rohan",Input!$D:$D,$A2)=0,NA(),COUNTIFS(Input!$B:$B,"Rohan",Input!$C:$C,"P",Input!$D:$D,$A2)/COUNTIFS(Input!$B:$B,"Rohan",Input!$D:$D,$A2)) -> 0.75 | F2: =IF(COUNTIFS(Input!$B:$B,"Neha",Input!$D:$D,$A2)=0,NA(),COUNTIFS(Input!$B:$B,"Neha",Input!$C:$C,"P",Input!$D:$D,$A2)/COUNTIFS(Input!$B:$B,"Neha",Input!$D:$D,$A2)) -> 1
A3: 2025-W28 | B3: =IF(COUNTIFS(Input!$B:$B,"Rahul",Input!$D:$D,$A3)=0,NA(),COUNTIFS(Input!$B:$B,"Rahul",Input!$C:$C,"P",Input!$D:$D,$A3)/COUNTIFS(Input!$B:$B,"Rahul",Input!$D:$D,$A3)) -> 0.8 | C3: =IF(COUNTIFS(Input!$B:$B,"Keerthi",Input!$D:$D,$A3)=0,NA(),COUNTIFS(Input!$B:$B,"Keerthi",Input!$C:$C,"P",Input!$D:$D,$A3)/COUNTIFS(Input!$B:$B,"Keerthi",Input!$D:$D,$A3)) -> 0.6 | D3: =IF(COUNTIFS(Input!$B:$B,"Aisha",Input!$D:$D,$A3)=0,NA(),COUNTIFS(Input!$B:$B,"Aisha",Input!$C:$C,"P",Input!$D:$D,$A3)/COUNTIFS(Input!$B:$B,"Aisha",Input!$D:$D,$A3)) -> 0.8 | E3: =IF(COUNTIFS(Input!$B:$B,"Rohan",Input!$D:$D,$A3)=0,NA(),COUNTIFS(Input!$B:$B,"Rohan",Input!$C:$C,"P",Input!$D:$D,$A3)/COUNTIFS(Input!$B:$B,"Rohan",Input!$D:$D,$A3)) -> 0.6 | F3: =IF(COUNTIFS(Input!$B:$B,"Neha",Input!$D:$D,$A3)=0,NA(),COUNTIFS(Input!$B:$B,"Neha",Input!$C:$C,"P",Input!$D:$D,$A3)/COUNTIFS(Input!$B:$B,"Neha",Input!$D:$D,$A3)) -> 1
A4: 2025-W29 | B4: =IF(COUNTIFS(Input!$B:$B,"Rahul",Input!$D:$D,$A4)=0,NA(),COUNTIFS(Input!$B:$B,"Rahul",Input!$C:$C,"P",Input!$D:$D,$A4)/COUNTIFS(Input!$B:$B,"Rahul",Input!$D:$D,$A4)) -> 1 | C4: =IF(COUNTIFS(Input!$B:$B,"Keerthi",Input!$D:$D,$A4)=0,NA(),COUNTIFS(Input!$B:$B,"Keerthi",Input!$C:$C,"P",Input!$D:$D,$A4)/COUNTIFS(Input!$B:$B,"Keerthi",Input!$D:$D,$A4)) -> 0.6 | D4: =IF(COUNTIFS(Input!$B:$B,"Aisha",Input!$D:$D,$A4)=0,NA(),COUNTIFS(Input!$B:$B,"Aisha",Input!$C:$C,"P",Input!$D:$D,$A4)/COUNTIFS(Input!$B:$B,"Aisha",Input!$D:$D,$A4)) -> 1 | E4: =IF(COUNTIFS(Input!$B:$B,"Rohan",Input!$D:$D,$A4)=0,NA(),COUNTIFS(Input!$B:$B,"Rohan",Input!$C:$C,"P",Input!$D:$D,$A4)/COUNTIFS(Input!$B:$B,"Rohan",Input!$D:$D,$A4)) -> 0.8 | F4: =IF(COUNTIFS(Input!$B:$B,"Neha",Input!$D:$D,$A4)=0,NA(),COUNTIFS(Input!$B:$B,"Neha",Input!$C:$C,"P",Input!$D:$D,$A4)/COUNTIFS(Input!$B:$B,"Neha",Input!$D:$D,$A4)) -> 1
A5: 2025-W30 | B5: =IF(COUNTIFS(Input!$B:$B,"Rahul",Input!$D:$D,$A5)=0,NA(),COUNTIFS(Input!$B:$B,"Rahul",Input!$C:$C,"P",Input!$D:$D,$A5)/COUNTIFS(Input!$B:$B,"Rahul",Input!$D:$D,$A5)) -> 1 | C5: =IF(COUNTIFS(Input!$B:$B,"Keerthi",Input!$D:$D,$A5)=0,NA(),COUNTIFS(Input!$B:$B,"Keerthi",Input!$C:$C,"P",Input!$D:$D,$A5)/COUNTIFS(Input!$B:$B,"Keerthi",Input!$D:$D,$A5)) -> 0.2 | D5: =IF(COUNTIFS(Input!$B:$B,"Aisha",Input!$D:$D,$A5)=0,NA(),COUNTIFS(Input!$B:$B,"Aisha",Input!$C:$C,"P",Input!$D:$D,$A5)/COUNTIFS(Input!$B:$B,"Aisha",Input!$D:$D,$A5)) -> 1 | E5: =IF(COUNTIFS(Input!$B:$B,"Rohan",Input!$D:$D,$A5)=0,NA(),COUNTIFS(Input!$B:$B,"Rohan",Input!$C:$C,"P",Input!$D:$D,$A5)/COUNTIFS(Input!$B:$B,"Rohan",Input!$D:$D,$A5)) -> 0.8 | F5: =IF(COUNTIFS(Input!$B:$B,"Neha",Input!$D:$D,$A5)=0,NA(),COUNTIFS(Input!$B:$B,"Neha",Input!$C:$C,"P",Input!$D:$D,$A5)/COUNTIFS(Input!$B:$B,"Neha",Input!$D:$D,$A5)) -> 1
A6: 2025-W31 | B6: =IF(COUNTIFS(Input!$B:$B,"Rahul",Input!$D:$D,$A6)=0,NA(),COUNTIFS(Input!$B:$B,"Rahul",Input!$C:$C,"P",Input!$D:$D,$A6)/COUNTIFS(Input!$B:$B,"Rahul",Input!$D:$D,$A6)) -> 1 | C6: =IF(COUNTIFS(Input!$B:$B,"Keerthi",Input!$D:$D,$A6)=0,NA(),COUNTIFS(Input!$B:$B,"Keerthi",Input!$C:$C,"P",Input!$D:$D,$A6)/COUNTIFS(Input!$B:$B,"Keerthi",Input!$D:$D,$A6)) -> 0.75 | D6: =IF(COUNTIFS(Input!$B:$B,"Aisha",Input!$D:$D,$A6)=0,NA(),COUNTIFS(Input!$B:$B,"Aisha",Input!$C:$C,"P",Input!$D:$D,$A6)/COUNTIFS(Input!$B:$B,"Aisha",Input!$D:$D,$A6)) -> 0.5 | E6: =IF(COUNTIFS(Input!$B:$B,"Rohan",Input!$D:$D,$A6)=0,NA(),COUNTIFS(Input!$B:$B,"Rohan",Input!$C:$C,"P",Input!$D:$D,$A6)/COUNTIFS(Input!$B:$B,"Rohan",Input!$D:$D,$A6)) -> 1 | F6: =IF(COUNTIFS(Input!$B:$B,"Neha",Input!$D:$D,$A6)=0,NA(),COUNTIFS(Input!$B:$B,"Neha",Input!$C:$C,"P",Input!$D:$D,$A6)/COUNTIFS(Input!$B:$B,"Neha",Input!$D:$D,$A6)) -> 1

Sheet Dashboard
A1: Smart Attendance Dashboard
A4: Attendance Summary
A5: Student | B5: Total Days | C5: Presents | D5: Attendance % | E5: Status
A6: =Summary!A2 -> Rahul | B6: =Summary!B2 -> 23 | C6: =Summary!C2 -> 22 | D6: =Summary!D2 -> 95.652174 | E6: =Summary!E2 -> OK
A7: =Summary!A3 -> Keerthi | B7: =Summary!B3 -> 23 | C7: =Summary!C3 -> 12 | D7: =Summary!D3 -> 52.173913 | E7: =Summary!E3 -> Defaulter
A8: =Summary!A4 -> Aisha | B8: =Summary!B4 -> 23 | C8: =Summary!C4 -> 20 | D8: =Summary!D4 -> 86.956522 | E8: =Summary!E4 -> OK
A9: =Summary!A5 -> Rohan | B9: =Summary!B5 -> 23 | C9: =Summary!C5 -> 18 | D9: =Summary!D5 -> 78.26087 | E9: =Summary!E5 -> OK
A10: =Summary!A6 -> Neha | B10: =Summary!B6 -> 23 | C10: =Summary!C6 -> 23 | D10: =Summary!D6 -> 100 | E10: =Summary!E6 -> OK
C18: Defaulters (<75%)
C19: =COUNTIF(Summary!D2:D100,"<75") -> 1
